System_Name,BindingPocket_Chain,BindingPocket_ResNum,Restraints_Res_ASL
ADRB2-2RH1,C,109 113 114 117 118 193 199 203 204 207 286 289 290 293 308 312 316,protein and chain.name C
ADRB2-3P0G,A,109 113 114 117 118 193 199 203 204 207 286 289 290 293 308 312 316,protein and chain.name A
ADRB2-5JQH,A,109 113 114 117 118 193 199 203 204 207 286 289 290 293 308 312 316,protein and chain.name A
ADRB2-7DHI,R,109 113 114 117 118 193 199 203 204 207 286 289 290 293 308 312 316,protein and chain.name R
ADORA1-A,R,69 87 88 91 171 172 177 180 247 250 251 253 254 257 265 266 270 274 277 278,protein and chain.name R
ADORA1-I,A,69 87 88 91 171 172 177 180 247 250 251 253 254 257 265 266 270 274 277 278,protein and chain.name A
ADORA2A-A,A,63 80 81 84 85 88 89 92 168 169 174 177 181 185 186 246 249 250 253 270 274 275 277 278,protein and chain.name A
ADORA2A-I,A,63 80 81 84 85 88 89 92 168 169 174 177 181 185 186 246 249 250 253 270 274 275 277 278,protein and chain.name A
HTR1B-A,S,125 126 129 130 133 134 137 180 200 201 202 203 209 212 213 216 217 327 330 331 355 359,protein and chain.name S
HTR1B-I,A,125 126 129 130 133 134 137 180 200 201 202 203 209 212 213 216 217 327 330 331 355 359,protein and chain.name A
HTR2A-A,A,123 131 151 152 155 156 159 160 163 227 228 229 234 235 238 239 242 243 332 336 339 340 343 359 362 363 365 366 369 370,protein and chain.name A
HTR2A-I,A,123 131 151 152 155 156 159 160 163 227 228 229 234 235 238 239 242 243 332 336 339 340 343 359 362 363 365 366 369 370,protein and chain.name A
OPRD1-A,A,105 109 114 124 125 128 129 132 198 199 200 210 213 214 217 274 277 278 280 281 284 289 291 296 297 300 301 303 304 305 307 308, protein and chain.name A
OPRD1-I,A,105 109 114 124 125 128 129 132 198 199 200 210 213 214 217 274 277 278 280 281 284 289 291 296 297 300 301 303 304 305 307 308, protein and chain.name A
OPRM1-A,A,124 133 143 144 147 148 151 229 233 236 293 296 297 300 303 318 322 325 326,protein and chain.name A
OPRM1-I,A,124 133 143 144 147 148 151 229 233 236 293 296 297 300 303 318 322 325 326,protein and chain.name A
